F410,F430,F515,F660,F861,ID,gSDSS,iSDSS,rSDSS
-1.4644102940201074,-1.4360216941269555,-1.2740335875320525,-0.877270288453583,-0.6580595878760059,4951-24158,-1.2861605730639185,-0.8164919105763702,-1.008498562092081
0.2012922624177824,0.2002793586943998,0.02007185232762077,-0.11434847603807545,-0.2077989241744501,4951-24302,0.10012112455360463,-0.19595644550978583,-0.08694434618622322
-0.30106619842104754,-0.6104593030246681,-1.332474690941972,-2.0691624533812867,-2.2898605733529074,4951-5210,-1.1702625695816857,-2.1791291365123158,-1.9452452311363262
2.8521449152180542,79.41656528628138,3.953722789609991,2.203696177308162,1.3406603442306486,4951-25079,3.607288564798694,1.5330716433069074,2.832603719612391
